ID;Naam;Beschrijving;Referentie;Notitie;"Is SMP";"Aangemaakt op";"Bijgewerkt op";Opdrachtgever;"Adresregel 1";"Adresregel 2";Stad;Provincie;Postcode;Land;"Volledig Adres";"Formulier Naam";"Aantal Veldbezoeken";"Aantal Waarnemingen";"Aantal Afbakeningsgebieden";client_id;form_id
350;Loosbroek;;EA02;;Nee;"2025-05-13 14:17:52";"2025-05-13 14:17:52";"Ecodat_Eco Assist_Brabant Water";"Loosbroeksestraat 24";;Heesch;;5384SV;NL;"Loosbroeksestraat 24, 5384SV Heesch, NL";;6;53;5;219;
351;Dorst;"Brabant Water Dorst";EA03;;Nee;"2025-05-13 14:19:02";"2025-05-13 14:19:02";"Ecodat_Eco Assist_Brabant Water";"Wethouder van Dijklaan 13 ";;Dorst;;;NL;"Wethouder van Dijklaan 13 ,  Dorst, NL";;8;49;4;219;
352;Prinsenbosch;"Brabant Water Prinschenbosch";EA04;;Nee;"2025-05-13 14:19:53";"2025-05-13 14:19:53";"Ecodat_Eco Assist_Brabant Water";"Burgtsebaantje 15 ";;Molenschot;;;NL;"Burgtsebaantje 15 ,  Molenschot, NL";;7;19;1;219;
353;Tilburg;"Brabant Water Tilburg";EA05;;Nee;"2025-05-13 14:20:39";"2025-05-13 14:21:05";"Ecodat_Eco Assist_Brabant Water";"(Gilzerbaan 425 ";;Tilburg;;;NL;"(Gilzerbaan 425 ,  Tilburg, NL";;8;16;1;219;
354;Someren;"Brabant Water Someren";EA06;;Nee;"2025-05-13 14:21:59";"2025-05-13 14:21:59";"Ecodat_Eco Assist_Brabant Water";"Kerkendijk 141 ";;Someren;;;NL;"Kerkendijk 141 ,  Someren, NL";;7;27;1;219;
357;Alwel_Mimosaflat;;AW01;;Nee;"2025-05-14 09:57:06";"2025-05-14 09:57:06";Ecodat_Alwel;Mimosaflat;;Roosendaal;;;NL;"Mimosaflat,  Roosendaal, NL";;8;21;1;223;
358;"Helvoirtseweg 209, Vught";;BL01;;Nee;"2025-05-14 10:07:15";"2025-05-14 10:41:10";"Ecodat_Brabants Landschap";"Helvoirtseweg 209";;Vught;;;NL;"Helvoirtseweg 209,  Vught, NL";;6;15;1;224;
359;"Kloosterweg 1 Raamsdonksveer";;BD01;;Nee;"2025-05-14 10:16:12";"2025-05-14 10:41:26";"Ecodat_Bureau Dhondt";"Kloosterweg 1 ";;Raamsdonksveer;;;NL;"Kloosterweg 1 ,  Raamsdonksveer, NL";;9;25;3;225;
360;"Stationsstraat 15, Sas van Gent";;NS01;;Nee;"2025-05-14 10:20:38";"2025-05-14 10:41:41";"Ecodat_De Nijs Soffers";"Stationsstraat 15";;"Sas van Gent";;;NL;"Stationsstraat 15,  Sas van Gent, NL";;9;23;1;226;
361;" Het Alfort Lierop";;EA01;;Nee;"2025-05-14 10:27:07";"2025-05-14 10:42:06";"Ecodat_Eco Assist_woCom";" Het Alfort ";;Lierop;;;NL;" Het Alfort ,  Lierop, NL";;8;46;1;227;
362;"Wilmaflat, Bomanshof, Eindhoven";;FP01;;Nee;"2025-05-14 10:33:43";"2025-05-14 12:17:05";"Ecodat_Fauna Protect_VvEco";Bomanshof;;Eindhoven;;;NL;"Bomanshof,  Eindhoven, NL";;9;36;1;228;
363;"Drosserstraat 86-148, Eindhoven";;FP02;;Nee;"2025-05-14 10:36:13";"2025-05-14 12:17:38";"Ecodat_Fauna Protect_VvEco";"Drosserstraat 86";;Eindhoven;;;NL;"Drosserstraat 86,  Eindhoven, NL";;10;26;1;228;
364;"test 01";;TST01;;Nee;"2025-05-14 10:44:27";"2025-05-14 15:36:08";Ecodat_test;"cimbaalhof 24";"cimbaalhof 24";ETTEN-LEUR;Noord-Brabant;4876BP;NL;"cimbaalhof 24, cimbaalhof 24, 4876BP ETTEN-LEUR, Noord-Brabant, NL";;8;18;1;234;
365;"Von Flotowlaan 2 tot en met 60, Eindhoven";;FP04;;Nee;"2025-05-14 10:53:12";"2025-05-14 10:53:12";"Ecodat_Fauna Protect_VvEco";"Von Flotowlaan 2 ";;Eindhoven;;;NL;"Von Flotowlaan 2 ,  Eindhoven, NL";;14;59;1;228;
366;"Gounodlaan 1 tot en met 71, Eindhoven";;FP05;;Nee;"2025-05-14 10:56:23";"2025-05-14 10:56:23";"Ecodat_Fauna Protect_VvEco";"Gounodlaan 1 ";;Eindhoven;;;NL;"Gounodlaan 1 ,  Eindhoven, NL";;13;81;3;228;
367;"Purcellstraat 1 tot en met 47, Eindhoven";;FP06;;Nee;"2025-05-14 10:59:08";"2025-05-14 10:59:08";"Ecodat_Fauna Protect_VvEco";"Purcellstraat 1 ";;Eindhoven;;;NL;"Purcellstraat 1 ,  Eindhoven, NL";;11;37;1;228;
368;"Rachmaninowlaan 1 tot en met 47, Eindhoven";;FP07;;Nee;"2025-05-14 11:04:32";"2025-05-14 11:04:32";"Ecodat_Fauna Protect_VvEco";"Rachmaninowlaan 1 ";;Eindhoven;;;NL;"Rachmaninowlaan 1 ,  Eindhoven, NL";;11;30;1;228;
369;"Regerweg 1 tot en met 47, Eindhoven";;FP08;;Nee;"2025-05-14 11:06:53";"2025-05-14 11:06:53";"Ecodat_Fauna Protect_VvEco";"Regerweg 1 ";;Eindhoven;;;NL;"Regerweg 1 ,  Eindhoven, NL";;13;48;1;228;
370;"Wouter Hollemanplein Eindhoven";;FP09;;Nee;"2025-05-14 11:08:44";"2025-05-14 11:08:44";"Ecodat_Fauna Protect_VvEco";"Wouter Hollemanplein 84";;"Wouter Hollemanplein Eindhoven";;;NL;"Wouter Hollemanplein 84,  Wouter Hollemanplein Eindhoven, NL";;10;65;1;228;
371;"Schubertlaan (1 t/m 35) Donizettilaan (1 t/m 31) (31B t/m 31F)";;FP10;;Nee;"2025-05-14 11:10:13";"2025-05-14 11:10:13";"Ecodat_Fauna Protect_VvEco";"Schubertlaan 1  ";;Eindhoven;;;NL;"Schubertlaan 1  ,  Eindhoven, NL";;16;180;5;228;
372;"Antoniushof, Waalwijk";;FP11;;Nee;"2025-05-14 11:13:30";"2025-05-14 11:13:30";"Ecodat_Fauna Protect";"Vredesplein 100";;Waalwijk;;;NL;"Vredesplein 100,  Waalwijk, NL";;10;60;1;229;
374;"Prinses Margrietstraat, Hooge Zwaluwe";;FP12;;Nee;"2025-05-14 11:23:07";"2025-05-14 11:23:07";"Ecodat_Fauna Protect";"Prinses Margrietstraat 8";;"Hooge Zwaluwe";;;NL;"Prinses Margrietstraat 8,  Hooge Zwaluwe, NL";;2;8;2;229;
375;"Juliananstraat, Hooge Zwaluwe";;FP13;;Nee;"2025-05-14 11:25:34";"2025-05-14 11:25:42";"Ecodat_Fauna Protect";"Juliananstraat 4";;"Hooge Zwaluwe";;;NL;"Juliananstraat 4,  Hooge Zwaluwe, NL";;2;4;1;229;
376;"Den Vrijenban, Van der Sasstraat 103 t/m 227 (oneven) Rotterdam.";;FP14;;Nee;"2025-05-14 11:27:33";"2025-05-14 11:27:33";"Ecodat_Fauna Protect";"Van der Sasstraat 103 ";;Rotterdam;;;NL;"Van der Sasstraat 103 ,  Rotterdam, NL";;4;14;1;229;
377;"Complex 15, Geraniumstraat Made";;FP15;;Nee;"2025-05-14 11:41:25";"2025-05-14 11:42:33";"Ecodat_Fauna Protect";"Geraniumstraat 27";;Made;;;NL;"Geraniumstraat 27,  Made, NL";;2;28;10;229;
378;"Generaal van Teijnstraat 62-124, Eindhoven";;FP16;;Nee;"2025-05-14 11:45:18";"2025-05-14 11:45:18";"Ecodat_Fauna Protect_VvEco";"Generaal van Teijnstraat 62";;Eindhoven;;;NL;"Generaal van Teijnstraat 62,  Eindhoven, NL";;10;16;1;228;
379;"Geonius Oirschot";;GN01;;Nee;"2025-05-14 11:54:54";"2025-05-14 12:18:29";Ecodat_Geonius;"Michiel de Ruyterlaan 43";;Oirschot;;;NL;"Michiel de Ruyterlaan 43,  Oirschot, NL";;18;186;25;231;
380;"Hoevenseweg 28";;GE01;;Nee;"2025-05-14 12:02:41";"2025-05-14 12:02:41";"Ecodat_Gemeente Etten-Leur";"Hoevenseweg 28";;Etten-Leur;;;NL;"Hoevenseweg 28,  Etten-Leur, NL";;0;0;1;232;
381;"Haansberg Oost Etten-Leur";;GE02;"Samen met projectleider René Langestraat: 0651639749";Nee;"2025-05-14 12:05:57";"2025-05-14 12:06:57";"Ecodat_Gemeente Etten-Leur";"Haansberg 74";;Etten-Leur;;;NL;"Haansberg 74,  Etten-Leur, NL";;3;17;1;232;
382;"Dwarsstraat Ossendrecht";;SL01;;Nee;"2025-05-14 12:08:51";"2025-05-14 12:08:51";Ecodat_Stadlander;"Dwarsstraat 10";;Ossendrecht;;;NL;"Dwarsstraat 10,  Ossendrecht, NL";;13;67;2;233;
383;"Clusters 13008-307";;WC01;;Nee;"2025-05-14 12:15:12";"2025-05-14 12:16:10";"Ecodat_Eco Assist_woCom";"Vicaris van Litsenburghlaan 19";;Heeze;;;NL;"Vicaris van Litsenburghlaan 19,  Heeze, NL";;6;27;4;227;
384;"Cluster 12016_WC10";"Kardinaal de Jongstraat, Budel, nr’s: 13, 15, 19";WC10;"Kardinaal de Jongstraat, Budel, nr’s: 13, 15, 19";Nee;"2025-05-14 12:32:29";"2025-05-14 12:33:22";"Ecodat_Eco Assist_woCom";"Kardinaal de Jongstraat 13";;Budel;;;NL;"Kardinaal de Jongstraat 13,  Budel, NL";;7;10;2;227;
385;"Cluster 12016_WC11";"Teutenstraat, Budel, nr’s: 2, 4, 8, 10, 18, 24";WC11;"Teutenstraat, Budel, nr’s: 2, 4, 8, 10, 18, 24";Nee;"2025-05-14 12:34:30";"2025-05-14 12:34:30";"Ecodat_Eco Assist_woCom";"Teutenstraat 2";;Budel;;;NL;"Teutenstraat 2,  Budel, NL";;6;7;5;227;
386;"Cluster 12016_WC12";"Weth. Lammersplantsoen, Budel Schoot, nr’s: 1, 9, 12";WC12;"Weth. Lammersplantsoen, Budel Schoot, nr’s: 1, 9, 12";Nee;"2025-05-14 12:36:18";"2025-05-14 12:36:18";"Ecodat_Eco Assist_woCom";"Weth. Lammersplantsoen 1";;"Budel Schoot";;;NL;"Weth. Lammersplantsoen 1,  Budel Schoot, NL";;7;15;3;227;
387;"Clusters 17004";"Jan van Havenstraat Ommel nr’s: 6 t/m 16";WC02;"Jan van Havenstraat Ommel nr’s: 6 t/m 16";Nee;"2025-05-14 14:06:35";"2025-05-14 14:07:00";"Ecodat_Eco Assist_woCom";"Jan van Havenstraat 6";;Ommel;;;NL;"Jan van Havenstraat 6,  Ommel, NL";;6;13;2;227;
388;"Cluster 11008_WC03";"Munnekenstraat Someren nr’s: 38 t/m 56";WC03;"Munnekenstraat Someren nr’s: 38 t/m 56";Nee;"2025-05-14 14:11:03";"2025-05-14 14:11:03";"Ecodat_Eco Assist_woCom";"Munnekenstraat 38";;Someren;;;NL;"Munnekenstraat 38,  Someren, NL";;7;24;2;227;
389;"Cluster 11008_WC04";"Hoogertstraat Someren nr’s: 14, 16, 24, 26";WC04;"Hoogertstraat Someren nr’s: 14, 16, 24, 26";Nee;"2025-05-14 14:17:53";"2025-05-14 14:17:53";"Ecodat_Eco Assist_woCom";"Hoogertstraat 14";;Someren;;;NL;"Hoogertstraat 14,  Someren, NL";;7;10;2;227;
390;"Cluster 11003-104_WC05";"Molenbergstraat 4, Someren / Keizerstraat 32, Someren";WC05;"Molenbergstraat 4, Someren / Keizerstraat 32, Someren";Nee;"2025-05-14 14:22:07";"2025-05-14 14:26:06";"Ecodat_Eco Assist_woCom";"Molenbergstraat 4";;Someren;;;NL;"Molenbergstraat 4,  Someren, NL";;6;6;2;227;
391;"Cluster 11003-105_WC06";"Keizerstraat 102, Someren";WC06;"Keizerstraat 102, Someren";Nee;"2025-05-14 14:23:44";"2025-05-14 14:28:52";"Ecodat_Eco Assist_woCom";"Keizerstraat 102";;Someren;;;NL;"Keizerstraat 102,  Someren, NL";;6;3;1;227;
392;"Cluster 11006-115_WC07";"Sijlkensstraat Someren nr’s: 45 t/m 53";WC07;"Sijlkensstraat Someren nr’s: 45 t/m 53";Nee;"2025-05-14 14:40:58";"2025-05-14 14:40:58";"Ecodat_Eco Assist_woCom";"Sijlkensstraat 45";;Someren;;;NL;"Sijlkensstraat 45,  Someren, NL";;7;14;2;227;
393;"Cluster 11006-115_WC08";"Zuiderstraat Someren nr’s: 26 t/m 34, 38, 44";WC08;"Zuiderstraat Someren nr’s: 26 t/m 34, 38, 44";Nee;"2025-05-14 14:42:24";"2025-05-14 14:42:24";"Ecodat_Eco Assist_woCom";"Zuiderstraat 26";;Someren;;;NL;"Zuiderstraat 26,  Someren, NL";;5;15;3;227;
394;"Cluster 11006-115_WC09";"Novaliastraat Someren nr’s: 18 t/m 36";WC09;"Novaliastraat Someren nr’s: 18 t/m 36";Nee;"2025-05-14 14:43:51";"2025-05-14 14:43:51";"Ecodat_Eco Assist_woCom";"Novaliastraat 18";;Someren;;;NL;"Novaliastraat 18,  Someren, NL";;5;12;1;227;
418;"Hanekinderstraat 9, Etten-Leur";"Hanekinderstraat 9, Etten-Leur";EX01;"Huis is bewoon door iemand anders dan initiatiefnemer (die gaat er pas in januari 2026 wonen) Even voorafgaand aan een bezoek bellen met: (Jos Jochems 0614699285)
2 man vleermuisonderzoek voor woonhuis: op tegenovergelegen punten 1 man)";Nee;"2025-05-17 13:55:53";"2025-05-18 10:06:03";"Ecodat_Expertise in Ervaren";"Hanekinderstraat 9";;Etten-Leur;;;NL;"Hanekinderstraat 9,  Etten-Leur, NL";Vleermuisonderzoek;4;17;1;249;31
419;"Meidoornstraat 115, Breda";"Meidoornstraat 115, Breda";GB01;"Meidoornstraat 115, Breda: 3 man: sleutel meenemen";Nee;"2025-05-17 14:10:13";"2025-05-18 10:04:56";"Ecodat_Gemeente Breda";"Meidoornstraat 115";;Breda;;;NL;"Meidoornstraat 115,  Breda, NL";;8;27;1;251;
420;"Anna van Berchemlaan 14 tm 32";"Anna van Berchemlaan, Etten-Leur";AW02;"nacontrole op natuurvrij maken ";Nee;"2025-05-17 14:18:15";"2025-05-17 14:18:15";Ecodat_Alwel;"Anna van Berchemlaan 20";;Etten-Leur;;;NL;"Anna van Berchemlaan 20,  Etten-Leur, NL";;1;3;2;223;
434;"Burgemeester van Doornstraat";;FP03;"Burgemeester van Doornstraat 1 t/m 33 en 2 t/m 32 alsmede de Endeldijk 4 t/m 14 te Honselersdijk.";Nee;"2025-05-23 12:34:16";"2025-05-23 12:34:16";"Ecodat_Fauna Protect";"Burgemeester van Doornstraat 1 .";;Honselersdijk;;;NL;"Burgemeester van Doornstraat 1 .,  Honselersdijk, NL";;6;35;5;229;
572;"AW04: T20106 (rijwoningen), Roosendaal";"AW03: AO T20106 (rijwoningen), Roosendaal";AW04;"	Monseigneur Mutsaersstraat: 3, 23; 
	Kardinaal van Rossumstraat: 28, 32, 34, 40, 42; 
	Professor Aalbersestraat: 1, 5, 17, 19, 21, 23, 25, 29, 31, 33, 39, 41, 45, 49; 
	Dr. Nolenslaan: 58, 64. 
";Nee;"2025-07-23 08:48:04";"2025-07-31 16:12:43";Ecodat_Alwel;"	Professor Aalbersestraat";1;Roosendaal;;"4702 JB";NL;"	Professor Aalbersestraat, 1, 4702 JB Roosendaal, NL";Vleermuisonderzoek;3;22;23;223;31
573;"AW05: T20106 (portiekflat), Roosendaal";"AW05: AO T20106 (portiekflat), Roosendaal";AW05;"Dr. Schaepmanlaan 20 t/m 42a in Roosendaal ";Nee;"2025-07-23 08:50:18";"2025-08-07 08:31:22";Ecodat_Alwel;"Dr. Schaepmanlaan 20 ";;Roosendaal;;"4702 GX";NL;"Dr. Schaepmanlaan 20 , 4702 GX Roosendaal, NL";Vleermuisonderzoek;1;4;2;223;31
574;"Populierenflat Tilburg";"Populierenflat Tilburg";EA07;"Populierenflat Tilburg: Hart van Brabantlaan / Hazelaarstraat
";Nee;"2025-07-23 08:55:03";"2025-08-04 13:52:51";Ecodat_EcoAssist;"Hazelaarstraat 127";;Tilburg;;"5038 LK ";NL;"Hazelaarstraat 127, 5038 LK  Tilburg, NL";Vleermuisonderzoek;3;6;1;286;31
575;"Klaartje Donze 26-96, Eindhoven";"Klaartje Donze 26-96, Eindhoven";FP17;"Klaartje Donze 26-96, Eindhoven";Nee;"2025-07-23 13:16:12";"2025-07-23 13:16:12";"Ecodat_Fauna Protect_VvEco";"Klaartje Donze 26";;Eindhoven;;;NL;"Klaartje Donze 26,  Eindhoven, NL";Vleermuisonderzoek;4;6;1;228;31
576;"Reinaertlaan 64-134, Eindhoven";"Reinaertlaan 64-134, Eindhoven";FP18;"Reinaertlaan 64-134, Eindhoven";Nee;"2025-07-23 13:19:29";"2025-07-23 13:19:29";"Ecodat_Fauna Protect_VvEco";"Reinaertlaan 64";;Eindhoven;;;NL;"Reinaertlaan 64,  Eindhoven, NL";Vleermuisonderzoek;4;10;1;228;31
577;"Kapitein Pulverstraat 26-96, Eindhoven";"Kapitein Pulverstraat 26-96, Eindhoven";FP19;"Kapitein Pulverstraat 26-96, Eindhoven";Nee;"2025-07-23 13:21:42";"2025-07-23 13:21:42";"Ecodat_Fauna Protect_VvEco";"Kapitein Pulverstraat 26";;Eindhoven;;;NL;"Kapitein Pulverstraat 26,  Eindhoven, NL";Vleermuisonderzoek;4;4;1;228;31
578;"Reynhovestraat 26-96, Eindhoven";"Reynhovestraat 26-96, Eindhoven";FP20;"Reynhovestraat 26-96, Eindhoven";Nee;"2025-07-23 13:23:06";"2025-07-23 13:23:17";"Ecodat_Fauna Protect_VvEco";"Reynhovestraat 26";;Eindhoven;;;NL;"Reynhovestraat 26,  Eindhoven, NL";Vleermuisonderzoek;4;6;1;228;31
579;"Generaal Wicherslaan 1-63, Eindhoven";"Generaal Wicherslaan 1-63, Eindhoven";FP21;"Generaal Wicherslaan 1-63, Eindhoven";Nee;"2025-07-23 13:26:02";"2025-07-23 13:26:13";"Ecodat_Fauna Protect_VvEco";"Generaal Wicherslaan 1";;Eindhoven;;;NL;"Generaal Wicherslaan 1,  Eindhoven, NL";Vleermuisonderzoek;4;7;1;228;31
580;"COMPLEX 211 HARRY HOEKSTRAAT, WATERINGEN";"COMPLEX 211 HARRY HOEKSTRAAT, WATERINGEN";fp23;"Gele meerbloem 3 t/m 45, Wateringen";Nee;"2025-07-23 15:16:16";"2025-07-23 15:16:16";"Ecodat_Fauna Protect";"Gele meerbloem 3";;Wateringen;;;NL;"Gele meerbloem 3,  Wateringen, NL";Vleermuisonderzoek;0;0;1;229;31
594;Berlinistraat;"projectgebied (parkje) aan de Bellinistraat te Tilburg";MO;"initiatiefnemer) is van plan om in het projectgebied aan de Bellinistraat te Tilburg twee woongebouwen, verbonden door een half verdiepte stallingsgarage, te plaatsen. Initiatiefnemer is voornemens om de volgende werkzaamheden uit te voeren in het plangebied:
•	Het verwijderen van bomen, struiken en overig groen;
";Nee;"2025-07-31 16:48:45";"2025-07-31 16:48:45";Ecodat_Memo;"Bellinistraat 7";;Tilburg;;;NL;"Bellinistraat 7,  Tilburg, NL";Vleermuisonderzoek;2;2;1;288;31
608;"Haansberg 25 en Oude Grind 11 + Hoevenseweg 12";;;"Voor najaar kunnen Oude Grind 11 + Hoevenseweg 12 samen tegelijkertijd gedaan (2 man) worden  en Haansberg 25 apart (2 man)";Nee;"2025-08-06 09:43:15";"2025-08-06 09:43:15";Ecodat-IdVerde;"Haansberg 25";;Etten-Leur;;;NL;"Haansberg 25,  Etten-Leur, NL";Vleermuisonderzoek;2;18;3;289;31
609;"Drie scholen";;GT01;"1. Jenaplanschool aan de Schoolstraat 6 in Poortvliet. Kadastraal perceel PVT00-N-1140;
2. Eevliet school, aan de Julianastraat 1 in Poortvliet. Kadastraal perceel PVT00-N-687;
3. De Schalm en bijbehorende gymzaal, aan de Schoolstraat 1 en 3 in Stavenisse. Respectievelijk kadastrale percelen SVN02-F-1609 en SVN02-F-1608.
";Nee;"2025-08-06 09:56:12";"2025-08-06 09:56:12";"Ecodat_Gemeente Tholen";"zie notitie";;;;;NL;"zie notitie,  , NL";Vleermuisonderzoek;8;32;4;290;31
610;Walnoot;;AW06;"Alwel is voornemens om het dak(bedekking) van genoemde pand, betreft een locatie met een woonzorgboerderij & wooncomplex op Burgtsedreef 2 in Breda (Haagse Beemden), te vervangen.";Nee;"2025-08-07 08:30:25";"2025-08-07 08:30:25";Ecodat_Alwel;"Burgtsedreef 2";;Breda;;;NL;"Burgtsedreef 2,  Breda, NL";Vleermuisonderzoek;1;3;1;223;31
611;"Wocom Clusters 12008-214";;WC13;"Kempenlandstraat 2 t/m 20 en 15 t/m 19. De Meierijstraat 17t/m 35 en 54 t/m 64. En de Peellandstraat 2, t/m 20 Budel";Nee;"2025-08-07 09:15:11";"2025-08-07 09:15:54";"Ecodat_Eco Assist_woCom";"Kempenlandstraat 2";;Budel;;;NL;"Kempenlandstraat 2,  Budel, NL";Vleermuisonderzoek;0;0;39;227;31
612;"woCom Cluster 12009-100";"Hub Scholtenstraat 2-16 & 1-15 Budel";WC15;"Hub Scholtenstraat 2-16 & 1-15 Budel";Nee;"2025-08-08 09:19:17";"2025-08-21 11:40:28";"Ecodat_Eco Assist_woCom";"Hub Scholtenstraat 2 ";;Budel;;;NL;"Hub Scholtenstraat 2 ,  Budel, NL";Vleermuisonderzoek;2;5;16;227;31
613;"Wocom Clusters 12010-100";"Monseigneur Zwijsenlaan 10-28 & 23-29 Budel";WC16;"Monseigneur Zwijsenlaan 10-28 & 23-29 Budel";Nee;"2025-08-08 09:29:58";"2025-08-21 11:41:09";"Ecodat_Eco Assist_woCom";"Monseigneur Zwijsenlaan 10";;Budel;;;NL;"Monseigneur Zwijsenlaan 10,  Budel, NL";Vleermuisonderzoek;2;12;15;227;31
614;"Wocom Clusters 12027";"Smelen 23 t/m 69 en de Alenborglaan 29 t/m 41 Budel";WC17;"Smelen 23 t/m 69 en de Alenborglaan 29 t/m 41 Budel";Nee;"2025-08-08 09:43:35";"2025-08-21 11:41:38";"Ecodat_Eco Assist_woCom";"Smelen 23";;Budel;;;NL;"Smelen 23,  Budel, NL";;2;12;42;227;
633;"Wocom Clusters 12008-214";"Kempenlandstraat 2 t/m 20 en 15 t/m 19. De Meierijstraat 17t/m 35 en 54 t/m 64. En de Peellandstraat 2, t/m 20 Budel";WC14;"Kempenlandstraat 2 t/m 20 en 15 t/m 19. De Meierijstraat 17t/m 35 en 54 t/m 64. En de Peellandstraat 2, t/m 20 Budel";Nee;"2025-08-22 16:21:28";"2025-08-22 16:22:36";"Ecodat_Eco Assist_woCom";"Kempenlandstraat 2";;Budel;;;NL;"Kempenlandstraat 2,  Budel, NL";Vleermuisonderzoek;2;8;8;227;31
637;"Burgerhoutsestraat 19 Roosendaal";;EA09;;Nee;"2025-08-24 10:54:08";"2025-08-24 10:54:08";Ecodat_EcoAssist;"Burgerhoutsestraat 19";;Roosendaal;;;NL;"Burgerhoutsestraat 19,  Roosendaal, NL";;1;3;1;286;
638;"De Loper";"De Loper te Vlaardingen";FM01;"De Loper te Vlaardingen is een Jumbo ";Nee;"2025-08-24 11:02:04";"2025-08-24 11:02:04";Ecodat_Fimek;"De Loper ";;Vlaardingen;;;NL;"De Loper ,  Vlaardingen, NL";;2;1;1;297;
639;"De Maagd";"Toren de Maagd aan de  Grote Markt 32, Bergen op Zoom";GZ01;"Toren de Maagd aan de  Grote Markt 32, Bergen op Zoom";Nee;"2025-08-24 11:12:28";"2025-08-24 11:12:28";"Ecodat_Gemeente Bergen op Zoom";"Grote Markt 32";;"Bergen op Zoom";;;NL;"Grote Markt 32,  Bergen op Zoom, NL";;0;0;1;298;
640;"Stationsweg 9, Nijmegen";"Stationsweg 9, Nijmegen";EA08;"met 4 man nacontrole. Hek heeft een codeslot waar ik de code van heb. Als we gaan moet benjamin Backx even iemand van de gemeente bellen zodat de camera's uitgezet kunnen worden";Nee;"2025-08-24 12:19:23";"2025-08-24 12:19:23";Ecodat_EcoAssist;"Stationsweg 9";;Nijmegen;;;NL;"Stationsweg 9,  Nijmegen, NL";;1;4;1;286;
652;"Paleisring Tilburg";"zomer zwermen Paleisring Tilburg";EA10;"zomer zwermen Paleisring Tilburg 5 degen tussen onderzoeken";Nee;"2025-09-02 12:58:34";"2025-09-02 12:58:34";Ecodat_EcoAssist;"Paleisring 2";;Tilburg;;;NL;"Paleisring 2,  Tilburg, NL";Vleermuisonderzoek;2;1;1;286;31
662;"nacontrole Someren 01";"nacontrole Someren 01";EA11;;Nee;"2025-09-10 15:06:41";"2025-09-10 15:06:41";"Ecodat_Eco Assist_woCom";"Kwartelstraat 10";;Someren;;;NL;"Kwartelstraat 10,  Someren, NL";;1;7;7;227;
664;"nacontrole Someren 02";"nacontrole Someren 02";EA12;;Nee;"2025-09-10 15:08:58";"2025-09-10 15:08:58";"Ecodat_Eco Assist_woCom";"Dorpstraat 33";;Someren;;;NL;"Dorpstraat 33,  Someren, NL";;1;3;2;227;
665;"nacontrole Maarheeze";"nacontrole Maarheeze";EA13;;Nee;"2025-09-10 15:10:09";"2025-09-15 09:38:03";"Ecodat_Eco Assist_woCom";"Ereprijsstraat 6";;Maarheeze;;;NL;"Ereprijsstraat 6,  Maarheeze, NL";;1;5;1;227;
666;"nacontrole Soerendonck";"nacontrole Soerendonck";EA14;;Nee;"2025-09-10 15:11:16";"2025-09-15 09:38:43";"Ecodat_Eco Assist_woCom";"Kruisstraat 54";;Soerendonck;;;NL;"Kruisstraat 54,  Soerendonck, NL";;1;4;2;227;
670;"nacontrole Van Anrooylaan, Tilburg";"nacontrole Van Anrooylaan, Tilburg";EA15;"nacontrole Van Anrooylaan, Tilburg";Nee;"2025-09-15 10:02:15";"2025-09-15 10:04:59";Ecodat_EcoAssist;"Van Anrooylaan 68";;Tilburg;;;NL;"Van Anrooylaan 68,  Tilburg, NL";Vleermuisonderzoek;1;4;3;286;31
672;"nacontrole woonkwartier 2025 Fijnaart";"nacontrole woonkwartier 2025 Fijnaart";WK03;"nacontrole woonkwartier 2025 Fijnaart";Nee;"2025-09-15 13:05:25";"2025-09-17 14:36:54";Ecodat_Woonkwartier;"Rode Kruisstraat 5";;Fijnaart;;;NL;"Rode Kruisstraat 5,  Fijnaart, NL";Vleermuisonderzoek;0;0;3;304;31
673;"nacontrole woonkwartier 2025 Dinteloord2";"nacontrole woonkwartier 2025 Dinteloord2";WK02;"nacontrole woonkwartier 2025 Dinteloord2";Nee;"2025-09-15 13:19:35";"2025-09-17 14:35:11";Ecodat_Woonkwartier;"Van Speykstraat 1";;Dinteloord;;;NL;"Van Speykstraat 1,  Dinteloord, NL";Vleermuisonderzoek;0;0;9;304;31
674;"nacontrole woonkwartier 2025 Klundert02";"nacontrole woonkwartier 2025 Klundert02";WK03;"nacontrole woonkwartier 2025 Klundert02";Nee;"2025-09-15 13:25:52";"2025-09-17 14:37:00";Ecodat_Woonkwartier;"Zweedstraat 5";;Klundert;;;NL;"Zweedstraat 5,  Klundert, NL";Vleermuisonderzoek;0;0;3;304;31
676;"nacontrole Dinteloord WK01";"nacontrole Dinteloord WK01";WK01;"nacontrole Dinteloord WK01";Nee;"2025-09-16 14:26:01";"2025-09-16 14:26:01";Ecodat_Woonkwartier;"Oosterstraat 28";;Dinteloord;;;NL;"Oosterstraat 28,  Dinteloord, NL";Vleermuisonderzoek;0;0;5;304;31
678;"Nacontrole woonkwartier 2025 Fijnaart 1 WK03";"Nacontrole woonkwartier 2025 Fijnaart 1 WK03";WK03;"Nacontrole woonkwartier 2025 Fijnaart 1 WK03";Nee;"2025-09-17 14:38:00";"2025-09-17 14:38:00";Ecodat_Woonkwartier;"Rode Kruisstraat 1";;Fijnaart;;;NL;"Rode Kruisstraat 1,  Fijnaart, NL";Vleermuisonderzoek;0;0;12;304;31
679;"Nacontrole woonkwartier 2025 Fijnaart 1 WK03";;1;;Nee;"2025-09-17 14:40:17";"2025-09-17 14:40:57";Ecodat_Woonkwartier;;;;;;NL;" , NL";Vleermuisonderzoek;0;0;12;304;31
680;"Nacontrole woonkwartier 2025 Heijningen 1 WK04";"Nacontrole woonkwartier 2025 Heijningen 1 WK04";WK04;"Nacontrole woonkwartier 2025 Heijningen 1 WK04";Nee;"2025-09-17 14:43:04";"2025-09-17 14:43:04";Ecodat_Woonkwartier;"Veluwestraat 11";;Heijningen;;;NL;"Veluwestraat 11,  Heijningen, NL";Vleermuisonderzoek;0;0;1;304;31
681;"nacontrole woonkwartier 2025 Hoeven 1 WK05";"nacontrole woonkwartier 2025 Hoeven 1 WK05";WK05;"nacontrole woonkwartier 2025 Hoeven 1 WK05";Nee;"2025-09-17 14:59:25";"2025-09-17 14:59:25";Ecodat_Woonkwartier;"Julianastraat 1";;Hoeven;;;NL;"Julianastraat 1,  Hoeven, NL";Vleermuisonderzoek;0;0;27;304;31
682;"Nacontrole woonkwartier 2025 Hoeven 2 WK06";"Nacontrole woonkwartier 2025 Hoeven 2 WK06";WK06;"Nacontrole woonkwartier 2025 Hoeven 2 WK06";Nee;"2025-09-18 10:51:49";"2025-09-18 10:51:49";Ecodat_Woonkwartier;"Constantijn Huygensplein 1";;Hoeven;;;NL;"Constantijn Huygensplein 1,  Hoeven, NL";Vleermuisonderzoek;0;0;10;304;31
683;"Nacontrole woonkwartier 2025 Klundert 1 WK07";"Nacontrole woonkwartier 2025 Klundert 1 WK07";WK07;"Nacontrole woonkwartier 2025 Klundert 1 WK07";Nee;"2025-09-18 11:01:32";"2025-09-18 11:01:32";Ecodat_Woonkwartier;"Keenestraat 2";;Klundert;;;NL;"Keenestraat 2,  Klundert, NL";Vleermuisonderzoek;0;0;1;304;31
684;"Nacontrole woonkwartier 2025 Klundert 2 WK08";"Nacontrole woonkwartier 2025 Klundert 2 WK08";WK08;"Nacontrole woonkwartier 2025 Klundert 2 WK08";Nee;"2025-09-18 11:08:10";"2025-09-18 11:08:10";Ecodat_Woonkwartier;"Molenberglaan 7";;Klundert;;;NL;"Molenberglaan 7,  Klundert, NL";Vleermuisonderzoek;0;0;7;304;31
685;"Nacontrole woonkwartier 2025 Klundert 3 WK09";"Nacontrole woonkwartier 2025 Klundert 3 WK09";WK09;"Molenberglaan 21, 21A, 4, 6, 8, 10";Nee;"2025-09-18 11:16:03";"2025-09-18 11:17:05";Ecodat_Woonkwartier;"Molenberglaan 4";;Klundert;;;NL;"Molenberglaan 4,  Klundert, NL";Vleermuisonderzoek;0;0;5;304;31
686;"Nacontrole woonkwartier 2025 Klundert 4 WK10";"Nacontrole woonkwartier 2025 Klundert 4 WK10";WK10;"Nacontrole woonkwartier 2025 Klundert 4 WK10";Nee;"2025-09-18 11:22:12";"2025-09-18 11:22:12";Ecodat_Woonkwartier;"Westerstraat 9";;Klundert;;;NL;"Westerstraat 9,  Klundert, NL";Vleermuisonderzoek;0;0;3;304;31
687;"Nacontrole woonkwartier 2025 Kludnert 5 WK11";"Nacontrole woonkwartier 2025 Kludnert 5 WK11";WK11;"Nacontrole woonkwartier 2025 Kludnert 5 WK11";Nee;"2025-09-18 11:26:03";"2025-09-18 11:26:03";Ecodat_Woonkwartier;"Noordschans 16";;Klundert;;;NL;"Noordschans 16,  Klundert, NL";Vleermuisonderzoek;0;0;1;304;31
688;"Nacontrole woonkwartier 2025 Klundert 6 WK12";"Nacontrole woonkwartier 2025 Klundert 6 WK12";WK12;"Nacontrole woonkwartier 2025 Klundert 6 WK12";Nee;"2025-09-18 11:28:12";"2025-09-18 11:28:12";Ecodat_Woonkwartier;"Kerkweg 10";;Klundert;;;NL;"Kerkweg 10,  Klundert, NL";Vleermuisonderzoek;0;0;1;304;31
689;"Nacontrole woonkwartier 2025 Noordhoek 1 WK13";"Nacontrole woonkwartier 2025 Noordhoek 1 WK13";WK13;"Nacontrole woonkwartier 2025 Noordhoek 1 WK13";Nee;"2025-09-18 11:35:50";"2025-09-18 11:35:50";Ecodat_Woonkwartier;"Bisschop Hopmansstraat 38";;Noordhoek;;;NL;"Bisschop Hopmansstraat 38,  Noordhoek, NL";Vleermuisonderzoek;0;0;2;304;31
690;"Nacontrole woonkwartier 2025 Noordhoek 2 WK14";"Nacontrole woonkwartier 2025 Noordhoek 2 WK14";WK14;"Nacontrole woonkwartier 2025 Noordhoek 2 WK14";Nee;"2025-09-18 11:41:36";"2025-09-18 11:41:36";Ecodat_Woonkwartier;"Groeneweg 36";;Noordhoek;;;NL;"Groeneweg 36,  Noordhoek, NL";Vleermuisonderzoek;0;0;3;304;31
691;"Nacontrole woonkwartier 2025 Oud-Gastel WK15";"Nacontrole woonkwartier 2025 Oud-Gastel WK15";WK15;"T Sluiske 2-36, Kerkstraat 42";Nee;"2025-09-18 11:46:23";"2025-09-18 11:46:23";Ecodat_Woonkwartier;"Kerkstraat 42";;Oud-Gastel;;;NL;"Kerkstraat 42,  Oud-Gastel, NL";Vleermuisonderzoek;0;0;1;304;31
692;"Nacontrole woonkwartier 2025 Oudenbosch 1 WK16";"Nacontrole woonkwartier 2025 Oudenbosch 1 WK16";WK16;"Nacontrole woonkwartier 2025 Oudenbosch 1 WK16

Rivierelaan 10-34";Nee;"2025-09-18 12:23:54";"2025-09-18 12:23:54";Ecodat_Woonkwartier;"Rivierelaan 10";;Oudenbosch;;;NL;"Rivierelaan 10,  Oudenbosch, NL";Vleermuisonderzoek;0;0;2;304;31
693;"Nacontrole woonkwartier 2025 Oudenbosch 1 WK16";"Nacontrole woonkwartier 2025 Oudenbosch 1 WK16";WK16;"Nacontrole woonkwartier 2025 Oudenbosch 1 WK16

Rivierelaan 10-34";Nee;"2025-09-18 12:23:55";"2025-09-19 17:33:22";Ecodat_Woonkwartier;"Rivierelaan 10";;Oudenbosch;;;NL;"Rivierelaan 10,  Oudenbosch, NL";Vleermuisonderzoek;0;0;0;304;31
694;"Nacontrole woonkwartier 2025 Oudenbosch 2 WK17";"Nacontrole woonkwartier 2025 Oudenbosch 2 WK17";WK17;"Nacontrole woonkwartier 2025 Oudenbosch 2 WK17

Anna Melortlaan 1-19";Nee;"2025-09-18 12:30:15";"2025-09-18 12:30:15";Ecodat_Woonkwartier;"Anna Melortlaan 1";;Oudenbosch;;;NL;"Anna Melortlaan 1,  Oudenbosch, NL";Vleermuisonderzoek;0;0;10;304;31
695;"Nacontrole woonkwartier 2025 Oudenbosch 3 WK18";"Nacontrole woonkwartier 2025 Oudenbosch 3 WK18";WK18;"Nacontrole woonkwartier 2025 Oudenbosch 3 WK18
Porte Pia 1-19";Nee;"2025-09-18 12:33:09";"2025-09-18 12:33:09";Ecodat_Woonkwartier;"Porte Pia 1";;Oudenbosch;;;NL;"Porte Pia 1,  Oudenbosch, NL";Vleermuisonderzoek;0;0;10;304;31
696;"Nacontrole woonkwartier 2025 Oudenbosch 4 WK19";"Nacontrole woonkwartier 2025 Oudenbosch 4 WK19";WK19;"Nacontrole woonkwartier 2025 Oudenbosch 4 WK19
Zouavenlaan 119-137";Nee;"2025-09-18 12:36:04";"2025-09-18 12:36:04";Ecodat_Woonkwartier;"Zouavenlaan 119";;Oudenbosch;;;NL;"Zouavenlaan 119,  Oudenbosch, NL";Vleermuisonderzoek;0;0;10;304;31
697;"Nacontrole woonkwartier 2025 Oudenbosch 5 WK20";"Nacontrole woonkwartier 2025 Oudenbosch 5 WK20";WK20;"Nacontrole woonkwartier 2025 Oudenbosch 5 WK20
Zouavenlaan 46-64";Nee;"2025-09-18 12:38:07";"2025-09-18 12:38:07";Ecodat_Woonkwartier;"Zouavenlaan 46";;Oudenbosch;;;NL;"Zouavenlaan 46,  Oudenbosch, NL";Vleermuisonderzoek;0;0;10;304;31
698;"Nacontrole woonkwartier 2025 Oudenbosch 6 WK21";"Nacontrole woonkwartier 2025 Oudenbosch 6 WK21";WK21;"Nacontrole woonkwartier 2025 Oudenbosch 6 WK21
F. de Vriendtstraat 3-15";Nee;"2025-09-18 12:41:15";"2025-09-18 12:41:15";Ecodat_Woonkwartier;"F. de Vriendtstraat 3";;Oudenbosch;;;NL;"F. de Vriendtstraat 3,  Oudenbosch, NL";Vleermuisonderzoek;0;0;7;304;31
699;"Nacontrole woonkwartier 2025 Oudenbosch 7 WK22";"Nacontrole woonkwartier 2025 Oudenbosch 7 WK22";WK22;"Nacontrole woonkwartier 2025 Oudenbosch 7 WK22
Kerketiend 2-16, 18-32 en 34-52";Nee;"2025-09-18 12:50:29";"2025-09-18 12:50:29";Ecodat_Woonkwartier;"Kerketiend 2";;Oudenbosch;;;NL;"Kerketiend 2,  Oudenbosch, NL";Vleermuisonderzoek;0;0;26;304;31
700;"Nacontrole woonkwartier 2025 Standdaarbuiten 1 WK23";"Nacontrole woonkwartier 2025 Standdaarbuiten 1 WK23";WK23;"Nacontrole woonkwartier 2025 Standdaarbuiten 1 WK23";Nee;"2025-09-18 12:55:49";"2025-09-18 12:55:49";Ecodat_Woonkwartier;"Predikherenstraat 1";;Standdaarbuiten;;;NL;"Predikherenstraat 1,  Standdaarbuiten, NL";Vleermuisonderzoek;0;0;22;304;31
701;"Nacontrole woonkwartier 2025 Willemstad 1 WK24";"Nacontrole woonkwartier 2025 Willemstad 1 WK24";WK24;"Nacontrole woonkwartier 2025 Willemstad 1 WK24
Grimhoek 4, 6 en Groenstraat 35-45";Nee;"2025-09-18 13:26:03";"2025-09-18 13:26:03";Ecodat_Woonkwartier;"Grimhoek 4";;Willemstad;;;NL;"Grimhoek 4,  Willemstad, NL";Vleermuisonderzoek;0;0;8;304;31
702;"nacontrole woonkwartier 2025 Willemstad 2 WK25";"nacontrole woonkwartier 2025 Willemstad 2 WK25";WK25;"nacontrole woonkwartier 2025 Willemstad 2 WK25
In de Veste 1-25";Nee;"2025-09-18 13:34:22";"2025-09-18 13:34:22";Ecodat_Woonkwartier;"In de Veste 1";;Willemstad;;;NL;"In de Veste 1,  Willemstad, NL";Vleermuisonderzoek;0;0;7;304;31
703;"Nacontrole woonkwartier 2025 Willemstad 3 WK26";"Nacontrole woonkwartier 2025 Willemstad 3 WK26";WK26;"Nacontrole woonkwartier 2025 Willemstad 3 WK26";Nee;"2025-09-18 14:06:35";"2025-09-18 14:06:35";Ecodat_Woonkwartier;"Kon. Wilhelminastraat 9";;Willemstad;;;NL;"Kon. Wilhelminastraat 9,  Willemstad, NL";Vleermuisonderzoek;0;0;16;304;31
705;"Nacontrole woonkwartier 2025 Helwijk 1 WK27";"Nacontrole woonkwartier 2025 Helwijk 1 WK27";WK27;"Nacontrole woonkwartier 2025 Helwijk 1 WK27";Nee;"2025-09-18 14:12:20";"2025-09-18 14:12:20";Ecodat_Woonkwartier;"Prinses Christinastraat 21";;Helwijk;;;NL;"Prinses Christinastraat 21,  Helwijk, NL";Vleermuisonderzoek;0;0;31;304;31
706;"Nacontrole woonkwartier 2025 Helwijk 2 WK28";"Nacontrole woonkwartier 2025 Helwijk 2 WK28";Wk28;"Nacontrole woonkwartier 2025 Helwijk 2 WK28";Nee;"2025-09-18 14:15:18";"2025-09-18 14:15:18";Ecodat_Woonkwartier;"Prins Constatijnstraat 7";;Helwijk;;;NL;"Prins Constatijnstraat 7,  Helwijk, NL";Vleermuisonderzoek;0;0;17;304;31
707;"Nacontrole woonkwartier 2025 Helwijk 3 WK29";"Nacontrole woonkwartier 2025 Helwijk 3 WK29";WK29;"Nacontrole woonkwartier 2025 Helwijk 3 WK29";Nee;"2025-09-18 14:21:00";"2025-09-18 14:21:00";Ecodat_Woonkwartier;"Prins Johan Frisostraat 1";;Helwijk;;;NL;"Prins Johan Frisostraat 1,  Helwijk, NL";Vleermuisonderzoek;0;0;12;304;31
708;"Nacontrole woonkwartier 2025 Zevenbergen 1 WK30";"Nacontrole woonkwartier 2025 Zevenbergen 1 WK30";WK30;"Nacontrole woonkwartier 2025 Zevenbergen 1 WK30";Nee;"2025-09-18 15:13:09";"2025-09-18 15:13:09";Ecodat_Woonkwartier;"Dr. Arienslaan 21";;Zevenbergen;;;NL;"Dr. Arienslaan 21,  Zevenbergen, NL";Vleermuisonderzoek;0;0;6;304;31
709;"Nacontrole woonkwartier 2025 Zevenbergen 2 WK31";"Nacontrole woonkwartier 2025 Zevenbergen 2 WK31";WK31;"Nacontrole woonkwartier 2025 Zevenbergen 2 WK31";Nee;"2025-09-18 15:26:55";"2025-09-18 15:26:55";Ecodat_Woonkwartier;"Sint Josephplein 18";;Zevenbergen;;;NL;"Sint Josephplein 18,  Zevenbergen, NL";Vleermuisonderzoek;0;0;41;304;31
710;"Nacontrole woonkwartier 2025 Zevenbergschenhoek 1 WK32";"Nacontrole woonkwartier 2025 Zevenbergschenhoek 1 WK32";WK32;"Nacontrole woonkwartier 2025 Zevenbergschenhoek 1 WK32";Nee;"2025-09-18 15:31:55";"2025-09-18 15:31:55";Ecodat_Woonkwartier;"Frisostraat 4";;"Zevenbergschen Hoek";;;NL;"Frisostraat 4,  Zevenbergschen Hoek, NL";Vleermuisonderzoek;0;0;33;304;31
